,Model,rating,user,time_of_review,review,title,user_address,user_type
0,Samsung Galaxy M30s Blue 128 Gb Reviews: Latest Review of Samsung Galaxy M30s Blue 128 Gb | Price in India | Flipkart.com,5,Aryan  Patil,2months ago,"Bokeh mode is very excellent than any other handset at this budget.....   battery, camera, display overall performance is very best .....   gaming performance is aslo good   .....   at this budget no other handset can replace this handset  .......  must buy if ur budget is 15,000",Wonderful,Latur District,Certified Buyer
1,Samsung Galaxy M30s Blue 128 Gb Reviews: Latest Review of Samsung Galaxy M30s Blue 128 Gb | Price in India | Flipkart.com,5,Flipkart Customer,5months ago,Just awsome product the picture quality is good and battery backup is awsome and it is the only phone which supports 60 FPS in Games like PUB G just awsome had an awsome experience using this phone. I reccomend you to buy this product,Great product,North Twenty Four Parganas District,Certified Buyer
2,Samsung Galaxy M30s Blue 128 Gb Reviews: Latest Review of Samsung Galaxy M30s Blue 128 Gb | Price in India | Flipkart.com,4,Suresh Kumar,5months ago,"Samsung galaxy m30s is most useful.But Samsung can improve selfie camera.  Where is i am disappointed with the selfie but overall , This is the best bugdet phone and performance is good.And the display... is super good i loved the colors.And processor is decent. Not superb",Nice product,New Delhi,Certified Buyer
3,Samsung Galaxy M30s Blue 128 Gb Reviews: Latest Review of Samsung Galaxy M30s Blue 128 Gb | Price in India | Flipkart.com,1,Rohit Purba,6months ago,Not worth for me. i buy for my samsung tv this mobile for live cast and smartthins app. but smart things app not working in this. i call samsung person and he saod that u buy online so it has limited function. i recommend not buy online any product. its worthless. when its same made by samsung company. i'm very sad. strongly recomended not buy any product online.,Utterly Disappointed,Rajpura,Certified Buyer
4,Samsung Galaxy M30s Blue 128 Gb Reviews: Latest Review of Samsung Galaxy M30s Blue 128 Gb | Price in India | Flipkart.com,5,Flipkart Customer,5months ago,"BSOLUTELY BEST PHONE, GO FOR THIS PHONELET ME CLEAR IT'S FEATURES1 CAMERA _ 482  BATTERY - 6000 MAH  WITH 15w  charger3   DISPAY   - SUPER AMOLED4-  DESIGN - FANTASTIC 5- 6000MAH BATTERY BUT VERY THIN PHON",Highly recommended,Muzaffarpur,Certified Buyer
5,Samsung Galaxy M30s Blue 128 Gb Reviews: Latest Review of Samsung Galaxy M30s Blue 128 Gb | Price in India | Flipkart.com,4,Shivam  Mishra,1month ago,"I have realized that this phone is full package.But i never feel it has 6000 mah battery.Approx 1 day after full use like 4 hours pubg 2 hours youtube and other work and its battery drain in 12 hours. I was accepting that this phone will with me approx 30 hours. But it was wrong.Even this phone has very great camera, display,ram management, also the look of this phone is superb.The display is slightly curved and the super amoled display make me feel so much great.But in the 14000 rupee a...",Pretty good,Kanpur,Certified Buyer
6,Samsung Galaxy M30s Blue 128 Gb Reviews: Latest Review of Samsung Galaxy M30s Blue 128 Gb | Price in India | Flipkart.com,4,Sachin Suresh,6months ago,"one of the good phone in this price range , the best thing in this phone is its massive battery.. camera qulaity is poor, both front and back cams. overall it is a good product.",Pretty good,Trivandrum,Certified Buyer
7,Samsung Galaxy M30s Blue 128 Gb Reviews: Latest Review of Samsung Galaxy M30s Blue 128 Gb | Price in India | Flipkart.com,5,Flipkart Customer,5months ago,Nice mobile and it comes good battery back up. And camera is good look so good,Awesome,Kendujhar,Certified Buyer
8,Samsung Galaxy M30s Blue 128 Gb Reviews: Latest Review of Samsung Galaxy M30s Blue 128 Gb | Price in India | Flipkart.com,4,Bharat Parmar,1month ago,"Been using this phone for more than 4 months now. It was super smooth during the first month, but it started hanging a bit. It's not extreme hanging, power button does the more often than not.Pros :BatteryDisplayCall Voice quality amazingPerformance is fine apart from rare hangs/lagsNetwork catching ability is great. None of the other phones worked in my apartment regarding networks, but this phone manages to catch network just fine. Cons :Camera is not upto the mark. Finger print s...",Delightful,Mumbai,Certified Buyer
9,Samsung Galaxy M30s Blue 128 Gb Reviews: Latest Review of Samsung Galaxy M30s Blue 128 Gb | Price in India | Flipkart.com,4,Flipkart Customer,2months ago,"This phone is works excellent so far after (6 months use), large display and good battery life what i want! Must keep up your software updated. I recommend this phone to my family and friends!",Wonderful,Chennai,Certified Buyer
10,Samsung Galaxy M30s Blue 128 Gb Reviews: Latest Review of Samsung Galaxy M30s Blue 128 Gb | Price in India | Flipkart.com,5,Flipkart Customer,7months ago,super camera,Awesome,Kozhikode,Certified Buyer
11,Samsung Galaxy M30s Blue 128 Gb Reviews: Latest Review of Samsung Galaxy M30s Blue 128 Gb | Price in India | Flipkart.com,5,Ayantik Debbarma,10months ago,superb battery backup üëå,Perfect product!,Gandhigram,Certified Buyer
12,Samsung Galaxy M30s Blue 128 Gb Reviews: Latest Review of Samsung Galaxy M30s Blue 128 Gb | Price in India | Flipkart.com,4,Akash Ragde,7months ago,the phone awesome....,Nice product,Aurangabad,Certified Buyer
13,Samsung Galaxy M30s Blue 128 Gb Reviews: Latest Review of Samsung Galaxy M30s Blue 128 Gb | Price in India | Flipkart.com,5,Dipakbhai p Chaudhary,6months ago,Nice mobile,Just wow!,Ahmedabad,Certified Buyer
14,Samsung Galaxy M30s Blue 128 Gb Reviews: Latest Review of Samsung Galaxy M30s Blue 128 Gb | Price in India | Flipkart.com,5,Saddam Ansari,9months ago,very good camera and display,Fabulous!,Chennai,Certified Buyer
15,Samsung Galaxy M30s Blue 128 Gb Reviews: Latest Review of Samsung Galaxy M30s Blue 128 Gb | Price in India | Flipkart.com,4,Rahul Singh,9months ago,very nice set,Good quality product,Jaunpur District,Certified Buyer
16,Samsung Galaxy M30s Blue 128 Gb Reviews: Latest Review of Samsung Galaxy M30s Blue 128 Gb | Price in India | Flipkart.com,5,Flipkart Customer,8months ago,Best Mobile Best Camera and Battry is so powerfull,Awesome,Akola,Certified Buyer
17,Samsung Galaxy M30s Blue 128 Gb Reviews: Latest Review of Samsung Galaxy M30s Blue 128 Gb | Price in India | Flipkart.com,5,Flipkart Customer,7months ago,really good product... satisfied...thank you...n also Flipkart helpling team response is 1000%...,Worth every penny,Rajkot,Certified Buyer
18,Samsung Galaxy M30s Blue 128 Gb Reviews: Latest Review of Samsung Galaxy M30s Blue 128 Gb | Price in India | Flipkart.com,5,Brahmaiah S,9months ago,super,Highly recommended,Anantapur District,Certified Buyer
19,Samsung Galaxy M30s Blue 128 Gb Reviews: Latest Review of Samsung Galaxy M30s Blue 128 Gb | Price in India | Flipkart.com,4,Sandip Mondal ,7months ago,not bad,Worth the money,Puruliya District,Certified Buyer
20,Samsung Galaxy M30s Blue 128 Gb Reviews: Latest Review of Samsung Galaxy M30s Blue 128 Gb | Price in India | Flipkart.com,5,Flipkart Customer,5months ago,Very nice camera and battery  backup all over  so cute mobile phone,Just wow!,Aurangabad District,Certified Buyer
21,Samsung Galaxy M30s Blue 128 Gb Reviews: Latest Review of Samsung Galaxy M30s Blue 128 Gb | Price in India | Flipkart.com,5,Mahamadshahid  Shaikh ,7months ago,Superb,Awesome,Balasinor,Certified Buyer
22,Samsung Galaxy M30s Blue 128 Gb Reviews: Latest Review of Samsung Galaxy M30s Blue 128 Gb | Price in India | Flipkart.com,5,Damini V. Vatukiya,9months ago,very good product!!!  Thnks flipkart üòáüòá,Terrific purchase,Rajkot,Certified Buyer
23,Samsung Galaxy M30s Blue 128 Gb Reviews: Latest Review of Samsung Galaxy M30s Blue 128 Gb | Price in India | Flipkart.com,4,MANJUNATH GS,9months ago,It's awesome Product,Good quality product,Bengaluru,Certified Buyer
24,Samsung Galaxy M30s Blue 128 Gb Reviews: Latest Review of Samsung Galaxy M30s Blue 128 Gb | Price in India | Flipkart.com,3,hasantuzzama zama,10months ago,Head phone miss,Good,Hyderabad,Certified Buyer
25,Samsung Galaxy M30s Blue 128 Gb Reviews: Latest Review of Samsung Galaxy M30s Blue 128 Gb | Price in India | Flipkart.com,5,Shyamsundar Wawdane,6months ago,Camara is awesome,Super!,Kalyan,Certified Buyer
26,Samsung Galaxy M30s Blue 128 Gb Reviews: Latest Review of Samsung Galaxy M30s Blue 128 Gb | Price in India | Flipkart.com,5,madhu gowda,9months ago,nice m,Awesome,Kodagu District,Certified Buyer
27,Samsung Galaxy M30s Blue 128 Gb Reviews: Latest Review of Samsung Galaxy M30s Blue 128 Gb | Price in India | Flipkart.com,3,Anandhu v   Suresh,5months ago,Good,Decent product,Kottayam District,Certified Buyer
28,Samsung Galaxy M30s Blue 128 Gb Reviews: Latest Review of Samsung Galaxy M30s Blue 128 Gb | Price in India | Flipkart.com,5,JITENDRA SINGH PATEL,8months ago,excellent perform,Brilliant,Dhar,Certified Buyer
29,Samsung Galaxy M30s Blue 128 Gb Reviews: Latest Review of Samsung Galaxy M30s Blue 128 Gb | Price in India | Flipkart.com,5,Ajay Reigns,8months ago,Best Mobile !,Super!,Tiruchirappalli,Certified Buyer
30,Samsung Galaxy M30s Blue 128 Gb Reviews: Latest Review of Samsung Galaxy M30s Blue 128 Gb | Price in India | Flipkart.com,5,Bobby garg,8months ago,very nice samsung m30s,Brilliant,Dankaur,Certified Buyer
31,Samsung Galaxy M30s Blue 128 Gb Reviews: Latest Review of Samsung Galaxy M30s Blue 128 Gb | Price in India | Flipkart.com,5,Rahul  Vasava,9months ago,tanks flipkart,Highly recommended,Vadodara,Certified Buyer
32,Samsung Galaxy M30s Blue 128 Gb Reviews: Latest Review of Samsung Galaxy M30s Blue 128 Gb | Price in India | Flipkart.com,5,Brundavani Mantrarajam,3months ago,Performance is just..osm..n camera though..üëåüëåüòç,Classy product,Adilabad,Certified Buyer
33,Samsung Galaxy M30s Blue 128 Gb Reviews: Latest Review of Samsung Galaxy M30s Blue 128 Gb | Price in India | Flipkart.com,5,Md kamran,9months ago,nice mobile,Best in the market!,Madhupur,Certified Buyer
34,Samsung Galaxy M30s Blue 128 Gb Reviews: Latest Review of Samsung Galaxy M30s Blue 128 Gb | Price in India | Flipkart.com,5,Abhijit paul,9months ago,nice phone,Brilliant,Kolkata,Certified Buyer
35,Samsung Galaxy M30s Blue 128 Gb Reviews: Latest Review of Samsung Galaxy M30s Blue 128 Gb | Price in India | Flipkart.com,4,Suresh  K,8months ago,nice product but speaker is not in correct place sound is not clearly,Pretty good,Bengaluru,Certified Buyer
36,Samsung Galaxy M30s Blue 128 Gb Reviews: Latest Review of Samsung Galaxy M30s Blue 128 Gb | Price in India | Flipkart.com,5,Gaurav Kumar,5months ago,"Gzb mobile hIt have owesome display and good bettery perfomanceCamera is ok , not best. Performance is good .It is cheap in term of cost , it may more lowest cost",Wonderful,Aligarh,Certified Buyer
37,Samsung Galaxy M30s Blue 128 Gb Reviews: Latest Review of Samsung Galaxy M30s Blue 128 Gb | Price in India | Flipkart.com,5,Suryakant  Verma ,8months ago,very nice mobile,Wonderful,Bemetra District,Certified Buyer
38,Samsung Galaxy M30s Blue 128 Gb Reviews: Latest Review of Samsung Galaxy M30s Blue 128 Gb | Price in India | Flipkart.com,5,Chandan  Chandan,9months ago,osm nice phone,Just wow!,Bengaluru,Certified Buyer
39,Samsung Galaxy M30s Blue 128 Gb Reviews: Latest Review of Samsung Galaxy M30s Blue 128 Gb | Price in India | Flipkart.com,5,Sinu Jatt,7months ago,top 1,Classy product,Beri,Certified Buyer
40,Samsung Galaxy M30s Blue 128 Gb Reviews: Latest Review of Samsung Galaxy M30s Blue 128 Gb | Price in India | Flipkart.com,5,Manish Meena,3months ago,xcellent  Value of money,Wonderful,Alwar,Certified Buyer
41,Samsung Galaxy M30s Blue 128 Gb Reviews: Latest Review of Samsung Galaxy M30s Blue 128 Gb | Price in India | Flipkart.com,5,Flipkart Customer,8months ago,nice,Mind-blowing purchase,Chamarajanagar,Certified Buyer
42,Samsung Galaxy M30s Blue 128 Gb Reviews: Latest Review of Samsung Galaxy M30s Blue 128 Gb | Price in India | Flipkart.com,4,Flipkart Customer,6months ago,Good one nice product,Pretty good,Honda,Certified Buyer
43,Samsung Galaxy M30s Blue 128 Gb Reviews: Latest Review of Samsung Galaxy M30s Blue 128 Gb | Price in India | Flipkart.com,4,krishna kumar,7months ago,its very smooth and easy,Really Nice,Naugachhia,Certified Buyer
44,Samsung Galaxy M30s Blue 128 Gb Reviews: Latest Review of Samsung Galaxy M30s Blue 128 Gb | Price in India | Flipkart.com,5,Saravanan Saravanan ,9months ago,K Super nice. üëç,Classy product,Chennai,Certified Buyer
45,Samsung Galaxy M30s Blue 128 Gb Reviews: Latest Review of Samsung Galaxy M30s Blue 128 Gb | Price in India | Flipkart.com,2,Flipkart Customer,9months ago,"it has hang problem,although display is very nice and camera is also good but not being as a fantastic  I  terms of 48mp. battery is good.",Could be way better,Chennai,Certified Buyer
46,Samsung Galaxy M30s Blue 128 Gb Reviews: Latest Review of Samsung Galaxy M30s Blue 128 Gb | Price in India | Flipkart.com,4,Nitu Singh,8months ago,Good phone,Worth the money,Hyderabad,Certified Buyer
47,Samsung Galaxy M30s Blue 128 Gb Reviews: Latest Review of Samsung Galaxy M30s Blue 128 Gb | Price in India | Flipkart.com,5,Najir Husain,7months ago,Super,Great product,Pashchim Champaran District,Certified Buyer
48,Samsung Galaxy M30s Blue 128 Gb Reviews: Latest Review of Samsung Galaxy M30s Blue 128 Gb | Price in India | Flipkart.com,1,Santosh Gawai,4months ago,I have facing problems with charging issues within 2 months Charger has conected but mobile didn't charge so I am totally disappointed......,Worthless,Talegaon Dabhade,Certified Buyer
49,Samsung Galaxy M30s Blue 128 Gb Reviews: Latest Review of Samsung Galaxy M30s Blue 128 Gb | Price in India | Flipkart.com,4,john joje,6months ago,thakarthu,Worth the money,Thrissur,Certified Buyer
50,Samsung Galaxy M30s Blue 128 Gb Reviews: Latest Review of Samsung Galaxy M30s Blue 128 Gb | Price in India | Flipkart.com,5,Debojit Das,5months ago,Battery life back up / Camera / Processor / Mobile Display / Mobile Body all are perfect.  Nice Phone. ...,Super!,Goalpara,Certified Buyer
51,Samsung Galaxy M30s Blue 128 Gb Reviews: Latest Review of Samsung Galaxy M30s Blue 128 Gb | Price in India | Flipkart.com,5,pradeep  shinde,7months ago,Very nice,Terrific purchase,Kolhapur,Certified Buyer
52,Samsung Galaxy M30s Blue 128 Gb Reviews: Latest Review of Samsung Galaxy M30s Blue 128 Gb | Price in India | Flipkart.com,5,MADHU majhi,7months ago,very good,Brilliant,Rairangpur,Certified Buyer
53,Samsung Galaxy M30s Blue 128 Gb Reviews: Latest Review of Samsung Galaxy M30s Blue 128 Gb | Price in India | Flipkart.com,1,John Diddu,9months ago,right now nothing purchase from Flipkart.,Worst experience ever!,Pune,Certified Buyer
54,Samsung Galaxy M30s Blue 128 Gb Reviews: Latest Review of Samsung Galaxy M30s Blue 128 Gb | Price in India | Flipkart.com,5,Yangesh  Subba,5months ago,wesome camera quality and battery also very good for gaming üî•,Perfect product!,Aamby Valley,Certified Buyer
55,Samsung Galaxy M30s Blue 128 Gb Reviews: Latest Review of Samsung Galaxy M30s Blue 128 Gb | Price in India | Flipkart.com,1,Bhanuprakash Naidu,5months ago,It is restarting automatically  .....middle of task it is happening  switch off....Now a days products in flipkart is worst ...better to purchase manually in showrooms......worst flipkart,Waste of money!,Bengaluru,Certified Buyer
56,Samsung Galaxy M30s Blue 128 Gb Reviews: Latest Review of Samsung Galaxy M30s Blue 128 Gb | Price in India | Flipkart.com,1,Flipkart Customer,4months ago,"Back camera not working properly,  very bad experience with this phone.",Worthless,Bidhan Nagar,Certified Buyer
57,Samsung Galaxy M30s Blue 128 Gb Reviews: Latest Review of Samsung Galaxy M30s Blue 128 Gb | Price in India | Flipkart.com,3,Flipkart Customer,6months ago,received damaged box. though seal was intact but box was not in good condition also phone was having dust on it.,Does the job,New Delhi,Certified Buyer
58,Samsung Galaxy M30s Blue 128 Gb Reviews: Latest Review of Samsung Galaxy M30s Blue 128 Gb | Price in India | Flipkart.com,5,MOHD UMAR,7months ago,good product .,Highly recommended,Kanpur,Certified Buyer
59,Samsung Galaxy M30s Blue 128 Gb Reviews: Latest Review of Samsung Galaxy M30s Blue 128 Gb | Price in India | Flipkart.com,4,Rajkumar mahra,8months ago,good,Nice product,Pithampur,Certified Buyer
60,Samsung Galaxy M30s Blue 128 Gb Reviews: Latest Review of Samsung Galaxy M30s Blue 128 Gb | Price in India | Flipkart.com,4,Sudharshan S,7months ago,it is a great phone but comparison with other same range phone in performance it is little bit laid back games are okay (pubg) which I play mostly but camera not so good. but battery will make you to buy this phone tremendous and very rich looking phone.,Pretty good,Chennai,Certified Buyer
61,Samsung Galaxy M30s Blue 128 Gb Reviews: Latest Review of Samsung Galaxy M30s Blue 128 Gb | Price in India | Flipkart.com,2,Lalit Kumar,8months ago,battery 6000 mah but not working like 6000mah but not bad value for money thanks Filipkard üëçüèª,Expected a better product,New Delhi,Certified Buyer
62,Samsung Galaxy M30s Blue 128 Gb Reviews: Latest Review of Samsung Galaxy M30s Blue 128 Gb | Price in India | Flipkart.com,5,Mokim Alam,7months ago,Thank you for filipcart,Highly recommended,Garhwa,Certified Buyer
63,Samsung Galaxy M30s Blue 128 Gb Reviews: Latest Review of Samsung Galaxy M30s Blue 128 Gb | Price in India | Flipkart.com,3,OMPRAKASH  NAGAR,8months ago,good  h,Fair,Baran District,Certified Buyer
64,Samsung Galaxy M30s Blue 128 Gb Reviews: Latest Review of Samsung Galaxy M30s Blue 128 Gb | Price in India | Flipkart.com,2,Flipkart Customer,5months ago,3rd.quality battery,Expected a better product,Bareilly,Certified Buyer
65,Samsung Galaxy M30s Blue 128 Gb Reviews: Latest Review of Samsung Galaxy M30s Blue 128 Gb | Price in India | Flipkart.com,2,Amrit  Mardi,8months ago,rattan,Moderate,Coimbatore District,Certified Buyer
66,Samsung Galaxy M30s Blue 128 Gb Reviews: Latest Review of Samsung Galaxy M30s Blue 128 Gb | Price in India | Flipkart.com,1,Flipkart Customer,9months ago,ear Team,Terrible product,Pune,Certified Buyer
67,Samsung Galaxy M30s Blue 128 Gb Reviews: Latest Review of Samsung Galaxy M30s Blue 128 Gb | Price in India | Flipkart.com,5,Md  Konain,7months ago,It's very mobile and its battery backup is also fine,Best in the market!,Begusarai,Certified Buyer
68,Samsung Galaxy M30s Blue 128 Gb Reviews: Latest Review of Samsung Galaxy M30s Blue 128 Gb | Price in India | Flipkart.com,4,Sarath Kumar,7months ago,Nice Mobile,Nice product,Chennai,Certified Buyer
69,Samsung Galaxy M30s Blue 128 Gb Reviews: Latest Review of Samsung Galaxy M30s Blue 128 Gb | Price in India | Flipkart.com,1,SURESH CHAND ,8months ago,never purchase m30s,Worst experience ever!,Bhilai,Certified Buyer
70,Samsung Galaxy M30s Blue 128 Gb Reviews: Latest Review of Samsung Galaxy M30s Blue 128 Gb | Price in India | Flipkart.com,5,Somesh Mohakud,2months ago,Best phone under 15k you can use it for gaming daily use and best thing you can play pubg in hdr and ultra graphics and it give 19 hr backup in my uses so go for it,Highly recommended,Hyderabad,Certified Buyer
71,Samsung Galaxy M30s Blue 128 Gb Reviews: Latest Review of Samsung Galaxy M30s Blue 128 Gb | Price in India | Flipkart.com,5,Balaji janardhan Saste,6months ago,Super,Best in the market!,Osmanabad,Certified Buyer
72,Samsung Galaxy M30s Blue 128 Gb Reviews: Latest Review of Samsung Galaxy M30s Blue 128 Gb | Price in India | Flipkart.com,5,Paritosh Sarkar,6months ago,best,Great product,Maldah District,Certified Buyer
73,Samsung Galaxy M30s Blue 128 Gb Reviews: Latest Review of Samsung Galaxy M30s Blue 128 Gb | Price in India | Flipkart.com,5,Sandeep Kumar,7months ago,very good but  android 10 update kab aaega,Simply awesome,Ranchi,Certified Buyer
74,Samsung Galaxy M30s Blue 128 Gb Reviews: Latest Review of Samsung Galaxy M30s Blue 128 Gb | Price in India | Flipkart.com,5,Flipkart Customer,7months ago,exellent,Classy product,Tirupati,Certified Buyer
75,Samsung Galaxy M30s Blue 128 Gb Reviews: Latest Review of Samsung Galaxy M30s Blue 128 Gb | Price in India | Flipkart.com,5,Flipkart Customer,4months ago,I got it as it expected....,Mind-blowing purchase,Marigaon,Certified Buyer
76,Samsung Galaxy M30s Blue 128 Gb Reviews: Latest Review of Samsung Galaxy M30s Blue 128 Gb | Price in India | Flipkart.com,5,Flipkart Customer,5months ago,Best this price,Mind-blowing purchase,Ghaziabad,Certified Buyer
77,Samsung Galaxy M30s Blue 128 Gb Reviews: Latest Review of Samsung Galaxy M30s Blue 128 Gb | Price in India | Flipkart.com,5,Ramhluna  Rama,5months ago,Good for price,Awesome,Lunglei District,Certified Buyer
78,Samsung Galaxy M30s Blue 128 Gb Reviews: Latest Review of Samsung Galaxy M30s Blue 128 Gb | Price in India | Flipkart.com,1,Flipkart Customer,6months ago,Phone hangs frequently.  You cannot take a call when using WhatsApp etc. Phone hangs,Horrible,Bangalore,Certified Buyer
79,Samsung Galaxy M30s Blue 128 Gb Reviews: Latest Review of Samsung Galaxy M30s Blue 128 Gb | Price in India | Flipkart.com,1,G Eswaran ,8months ago,bad camera quality,Hated it!,Sipcot Perundurai,Certified Buyer
80,Samsung Galaxy M30s Blue 128 Gb Reviews: Latest Review of Samsung Galaxy M30s Blue 128 Gb | Price in India | Flipkart.com,1,Pardeep Kainsay,7months ago,very poor battery backup fast discharges camera not good like a samsung j7,Very poor,Mustafabad,Certified Buyer
81,Samsung Galaxy M30s Blue 128 Gb Reviews: Latest Review of Samsung Galaxy M30s Blue 128 Gb | Price in India | Flipkart.com,1,Visvanathan J,5months ago,Very worst product......keybad mobile camera better then this,Very poor,Tiruchirappalli District,Certified Buyer
82,Samsung Galaxy M30s Blue 128 Gb Reviews: Latest Review of Samsung Galaxy M30s Blue 128 Gb | Price in India | Flipkart.com,2,Flipkart Customer,5months ago,front camera not very good,Bad quality,Kharagpur,Certified Buyer
83,Samsung Galaxy M30s Blue 128 Gb Reviews: Latest Review of Samsung Galaxy M30s Blue 128 Gb | Price in India | Flipkart.com,1,Flipkart Customer,2months ago,Not upto mark and not value for money. Camera is not  worthy according price.,Terrible product,New Delhi,Certified Buyer
84,Samsung Galaxy M30s Blue 128 Gb Reviews: Latest Review of Samsung Galaxy M30s Blue 128 Gb | Price in India | Flipkart.com,1,Flipkart Customer,2months ago,Very bad completely damage when drop from my hand,Useless product,Alwar,Certified Buyer
85,Samsung Galaxy M30s Blue 128 Gb Reviews: Latest Review of Samsung Galaxy M30s Blue 128 Gb | Price in India | Flipkart.com,5,Rajesh  Sharma,5months ago,wesome phone and the camera was outstanding,Best in the market!,Ludhiana,Certified Buyer
86,Samsung Galaxy M30s Blue 128 Gb Reviews: Latest Review of Samsung Galaxy M30s Blue 128 Gb | Price in India | Flipkart.com,5,Parmanand Yadav,5months ago,wesome phone love it thks Flipkart .,Terrific purchase,Lucknow,Certified Buyer
87,Samsung Galaxy M30s Blue 128 Gb Reviews: Latest Review of Samsung Galaxy M30s Blue 128 Gb | Price in India | Flipkart.com,4,Flipkart Customer,6months ago,Best of Beatty backup Camara was Oshawa,Good choice,Sundargarh District,Certified Buyer
88,Samsung Galaxy M30s Blue 128 Gb Reviews: Latest Review of Samsung Galaxy M30s Blue 128 Gb | Price in India | Flipkart.com,1,Abhishek Dubey,5months ago,Normal,Worthless,Kannauj,Certified Buyer
89,Samsung Galaxy M30s Blue 128 Gb Reviews: Latest Review of Samsung Galaxy M30s Blue 128 Gb | Price in India | Flipkart.com,4,Vinod  Kumar,1month ago,Nice phone,Good quality product,Ludhiana,Certified Buyer
90,Samsung Galaxy M30s Blue 128 Gb Reviews: Latest Review of Samsung Galaxy M30s Blue 128 Gb | Price in India | Flipkart.com,5,Muhammad Khwaja,1month ago,Best,Excellent,Balapur Hingoli District,Certified Buyer
91,Samsung Galaxy M30s Blue 128 Gb Reviews: Latest Review of Samsung Galaxy M30s Blue 128 Gb | Price in India | Flipkart.com,5,Flipkart Customer,3months ago,"Thanks for the Quicker delivery on 23rd Mar 2020, just 2 days before first Lockdown!Quality Product with Nice GUI!Priceworthy!Satisfied!",Classy product,Tirunelveli,Certified Buyer
92,Samsung Galaxy M30s Blue 128 Gb Reviews: Latest Review of Samsung Galaxy M30s Blue 128 Gb | Price in India | Flipkart.com,5,Flipkart Customer,3months ago,Good,Brilliant,Bankura,Certified Buyer
93,Samsung Galaxy M30s Blue 128 Gb Reviews: Latest Review of Samsung Galaxy M30s Blue 128 Gb | Price in India | Flipkart.com,2,Sunny,3months ago,Slower than MI phones,Slightly disappointed,Bengaluru,Certified Buyer
94,Samsung Galaxy M30s Blue 128 Gb Reviews: Latest Review of Samsung Galaxy M30s Blue 128 Gb | Price in India | Flipkart.com,3,Pradip,5months ago,First time I got very bad packing from flipcardMobile is niceBut not value for money that much,Just okay,New Delhi,Certified Buyer
95,Samsung Galaxy M30s Blue 128 Gb Reviews: Latest Review of Samsung Galaxy M30s Blue 128 Gb | Price in India | Flipkart.com,3,Flipkart Customer,5months ago,Super quality,Does the job,Hyderabad,Certified Buyer
96,Samsung Galaxy M30s Blue 128 Gb Reviews: Latest Review of Samsung Galaxy M30s Blue 128 Gb | Price in India | Flipkart.com,4,Vikali Chishi,5months ago,xcellent I love dis model,Wonderful,Sarupathar,Certified Buyer
97,Samsung Galaxy M30s Blue 128 Gb Reviews: Latest Review of Samsung Galaxy M30s Blue 128 Gb | Price in India | Flipkart.com,5,ARUN PK,5months ago,Nice phone display,Terrific,Kannur District,Certified Buyer
98,Samsung Galaxy M30s Blue 128 Gb Reviews: Latest Review of Samsung Galaxy M30s Blue 128 Gb | Price in India | Flipkart.com,3,Sanjay  Raut,6months ago,It's goods,Just okay,Nagpur,Certified Buyer
99,Samsung Galaxy M30s Blue 128 Gb Reviews: Latest Review of Samsung Galaxy M30s Blue 128 Gb | Price in India | Flipkart.com,5,ralte lalmama,6months ago,best phone in mid range.,Wonderful,Aizawl,Certified Buyer
100,Samsung Galaxy M30s Blue 128 Gb Reviews: Latest Review of Samsung Galaxy M30s Blue 128 Gb | Price in India | Flipkart.com,4,MADHAV  CHAUHAN,6months ago,Good product,Pretty good,Noida,Certified Buyer
101,Samsung Galaxy M30s Blue 128 Gb Reviews: Latest Review of Samsung Galaxy M30s Blue 128 Gb | Price in India | Flipkart.com,5,sanket kumkar  patil,6months ago,good,Simply awesome,Ahmadnagar District,Certified Buyer
102,Samsung Galaxy M30s Blue 128 Gb Reviews: Latest Review of Samsung Galaxy M30s Blue 128 Gb | Price in India | Flipkart.com,5,Flipkart Customer,6months ago,Best mobile under 15000,Great product,Hassan District,Certified Buyer
103,Samsung Galaxy M30s Blue 128 Gb Reviews: Latest Review of Samsung Galaxy M30s Blue 128 Gb | Price in India | Flipkart.com,5,Basavaraj Shabadimath,7months ago,nice,Perfect product!,Gadag,Certified Buyer
104,Samsung Galaxy M30s Blue 128 Gb Reviews: Latest Review of Samsung Galaxy M30s Blue 128 Gb | Price in India | Flipkart.com,3,Rajbhan  Raj,7months ago,camera quality in 48 Mega pixel is very poor .,Decent product,New Delhi,Certified Buyer
105,Samsung Galaxy M30s Blue 128 Gb Reviews: Latest Review of Samsung Galaxy M30s Blue 128 Gb | Price in India | Flipkart.com,5,Ajinkya Patil,8months ago,very nice product.awsm...,Highly recommended,Aurangabad,Certified Buyer
106,Samsung Galaxy M30s Blue 128 Gb Reviews: Latest Review of Samsung Galaxy M30s Blue 128 Gb | Price in India | Flipkart.com,1,Rakshith.N.M Rakshi,7months ago,not good,Utterly Disappointed,Kolar,Certified Buyer
107,Samsung Galaxy M30s Blue 128 Gb Reviews: Latest Review of Samsung Galaxy M30s Blue 128 Gb | Price in India | Flipkart.com,3,Flipkart Customer,2months ago,"Battery power fullDisplay ok,overall Good",Fair,Viluppuram District,Certified Buyer
108,Samsung Galaxy M30s Blue 128 Gb Reviews: Latest Review of Samsung Galaxy M30s Blue 128 Gb | Price in India | Flipkart.com,2,Flipkart Customer,3months ago,Facing 2 problems with the phone.1.Even though as per settings the phone should switch off on 15 seconds of inactivity.But many times the phone is not getting locked.Its a privacy issue.2.There is a problem with the power button.Once swithched off it takes multiple attempts ( sometimes 10 ) to switch it on.,Not good,Kolkata,Certified Buyer
109,Samsung Galaxy M30s Blue 128 Gb Reviews: Latest Review of Samsung Galaxy M30s Blue 128 Gb | Price in India | Flipkart.com,5,ASHVIN Upadala,6months ago,"xcellent product, excellent battery....",Simply awesome,Surat,Certified Buyer
110,Samsung Galaxy M30s Blue 128 Gb Reviews: Latest Review of Samsung Galaxy M30s Blue 128 Gb | Price in India | Flipkart.com,5,Flipkart Customer,6months ago,nice phone,Super!,Baleshwar,Certified Buyer
111,Samsung Galaxy M30s Blue 128 Gb Reviews: Latest Review of Samsung Galaxy M30s Blue 128 Gb | Price in India | Flipkart.com,5,Bhaskar  Midya ,7months ago,nice product,Perfect product!,Haldia,Certified Buyer
112,Samsung Galaxy M30s Blue 128 Gb Reviews: Latest Review of Samsung Galaxy M30s Blue 128 Gb | Price in India | Flipkart.com,4,Dhanjit  Pathak ,8months ago,plz credit super coin,Good choice,Bongaigaon,Certified Buyer
113,Samsung Galaxy M30s Blue 128 Gb Reviews: Latest Review of Samsung Galaxy M30s Blue 128 Gb | Price in India | Flipkart.com,2,Irshad Ali,3months ago,Network problem and hanging this phone I request to samsung pls sir improved it. I am very sad to buy this,Bad quality,Giridih District,Certified Buyer
114,Samsung Galaxy M30s Blue 128 Gb Reviews: Latest Review of Samsung Galaxy M30s Blue 128 Gb | Price in India | Flipkart.com,1,Raghavendra  jadhav,4months ago,Some time While using the WhatsApp phone is restarting automatically...,Terrible product,Bangalore,Certified Buyer
115,Samsung Galaxy M30s Blue 128 Gb Reviews: Latest Review of Samsung Galaxy M30s Blue 128 Gb | Price in India | Flipkart.com,1,senthil s,5months ago,recd damage piece  dont buy from online,Not recommended at all,Gautam Buddha Nagar,Certified Buyer
116,Samsung Galaxy M30s Blue 128 Gb Reviews: Latest Review of Samsung Galaxy M30s Blue 128 Gb | Price in India | Flipkart.com,3,Flipkart Customer,7months ago,Battery backup is not good,Good,Thane,Certified Buyer
117,Samsung Galaxy M30s Blue 128 Gb Reviews: Latest Review of Samsung Galaxy M30s Blue 128 Gb | Price in India | Flipkart.com,5,Ganesh Nimbalkar,7months ago,good product,Worth every penny,Shirdi,Certified Buyer
118,Samsung Galaxy M30s Blue 128 Gb Reviews: Latest Review of Samsung Galaxy M30s Blue 128 Gb | Price in India | Flipkart.com,4,mohammad Shadab,8months ago,ll functions are good only battery backup not good,Wonderful,Darbhanga,Certified Buyer
119,Samsung Galaxy M30s Blue 128 Gb Reviews: Latest Review of Samsung Galaxy M30s Blue 128 Gb | Price in India | Flipkart.com,4,Baba Vali  Shaik,6days ago,It's Nice and good performance.Camera quality also good.,Pretty good,Guntur District,Certified Buyer
120,Samsung Galaxy M30s Blue 128 Gb Reviews: Latest Review of Samsung Galaxy M30s Blue 128 Gb | Price in India | Flipkart.com,4,Sheeja  N. V,7days ago,The product is not fresh,Really Nice,Kozhikode,Certified Buyer
121,Samsung Galaxy M30s Blue 128 Gb Reviews: Latest Review of Samsung Galaxy M30s Blue 128 Gb | Price in India | Flipkart.com,4,Satyabrata Samal,7days ago,good,Delightful,Kalinga Nagar Industrial Area,Certified Buyer
122,Samsung Galaxy M30s Blue 128 Gb Reviews: Latest Review of Samsung Galaxy M30s Blue 128 Gb | Price in India | Flipkart.com,5,Flipkartbhaben Customer baruah,8days ago,It's a very good product from Samsung...,Highly recommended,Sivasagar District,Certified Buyer
123,Samsung Galaxy M30s Blue 128 Gb Reviews: Latest Review of Samsung Galaxy M30s Blue 128 Gb | Price in India | Flipkart.com,4,Krishan Jakhar,10days ago,Nice,Good quality product,Dehradun,Certified Buyer
124,Samsung Galaxy M30s Blue 128 Gb Reviews: Latest Review of Samsung Galaxy M30s Blue 128 Gb | Price in India | Flipkart.com,3,Flipkart Customer,11days ago,frequently hangs,Just okay,Karimnagar,Certified Buyer
125,Samsung Galaxy M30s Blue 128 Gb Reviews: Latest Review of Samsung Galaxy M30s Blue 128 Gb | Price in India | Flipkart.com,2,Pukhraj prajapat,11days ago,y phone not working properly and charging is very bad . Charger plug not  connect .,Bad quality,Sirohi,Certified Buyer
126,Samsung Galaxy M30s Blue 128 Gb Reviews: Latest Review of Samsung Galaxy M30s Blue 128 Gb | Price in India | Flipkart.com,5,Manju nath N ,12days ago,xcellent Battery  ..,Must buy!,Nanjangud,Certified Buyer
127,Samsung Galaxy M30s Blue 128 Gb Reviews: Latest Review of Samsung Galaxy M30s Blue 128 Gb | Price in India | Flipkart.com,4,Rakshi Rap,12days ago,Perfomance is slow,Value-for-money,Bengaluru,Certified Buyer
128,Samsung Galaxy M30s Blue 128 Gb Reviews: Latest Review of Samsung Galaxy M30s Blue 128 Gb | Price in India | Flipkart.com,5,Ramya Rajkumar  Raj,13days ago,Nice products,Perfect product!,Devakottai,Certified Buyer
129,Samsung Galaxy M30s Blue 128 Gb Reviews: Latest Review of Samsung Galaxy M30s Blue 128 Gb | Price in India | Flipkart.com,4,Rohan Ghosh,15days ago,GOOD CHOIC,Worth the money,Nadia District,Certified Buyer
130,Samsung Galaxy M30s Blue 128 Gb Reviews: Latest Review of Samsung Galaxy M30s Blue 128 Gb | Price in India | Flipkart.com,5,Flipkart Customer,16days ago,Nice phone,Fabulous!,Kottayam,Certified Buyer
131,Samsung Galaxy M30s Blue 128 Gb Reviews: Latest Review of Samsung Galaxy M30s Blue 128 Gb | Price in India | Flipkart.com,4,Flipkart Customer,17days ago,Very good product,Wonderful,Kharagpur,Certified Buyer
132,Samsung Galaxy M30s Blue 128 Gb Reviews: Latest Review of Samsung Galaxy M30s Blue 128 Gb | Price in India | Flipkart.com,4,Surajit Paul,17days ago,Value for money and packaging n delivery by flipkart is good,Really Nice,Halisahar,Certified Buyer
133,Samsung Galaxy M30s Blue 128 Gb Reviews: Latest Review of Samsung Galaxy M30s Blue 128 Gb | Price in India | Flipkart.com,5,kunjalkumar patel,21days ago,Nice product,Classy product,Gandhinagar,Certified Buyer
134,Samsung Galaxy M30s Blue 128 Gb Reviews: Latest Review of Samsung Galaxy M30s Blue 128 Gb | Price in India | Flipkart.com,4,Mahmad Latif S.  Ghasura,22days ago,Very nice Mobile,Wonderful,Deesa,Certified Buyer
135,Samsung Galaxy M30s Blue 128 Gb Reviews: Latest Review of Samsung Galaxy M30s Blue 128 Gb | Price in India | Flipkart.com,1,Ankit kumar,23days ago,isplay not so good,Unsatisfactory,Biharsharif,Certified Buyer
136,Samsung Galaxy M30s Blue 128 Gb Reviews: Latest Review of Samsung Galaxy M30s Blue 128 Gb | Price in India | Flipkart.com,5,Asutosh Singh,24days ago,Very good phone excellent display and battery must buy no competition of display in front of samsung at this price range.,Best in the market!,Jamalpur,Certified Buyer
137,Samsung Galaxy M30s Blue 128 Gb Reviews: Latest Review of Samsung Galaxy M30s Blue 128 Gb | Price in India | Flipkart.com,5,Rajesh G M,25days ago,wesome,Excellent,Kollegal,Certified Buyer
138,Samsung Galaxy M30s Blue 128 Gb Reviews: Latest Review of Samsung Galaxy M30s Blue 128 Gb | Price in India | Flipkart.com,5,Abhishk,27days ago,Valu of money very good,Awesome,Allahabad,Certified Buyer
139,Samsung Galaxy M30s Blue 128 Gb Reviews: Latest Review of Samsung Galaxy M30s Blue 128 Gb | Price in India | Flipkart.com,5,konamoni madhu,29days ago,some,Must buy!,Wanaparthy,Certified Buyer
140,Samsung Galaxy M30s Blue 128 Gb Reviews: Latest Review of Samsung Galaxy M30s Blue 128 Gb | Price in India | Flipkart.com,5,HINDUJA AZAD,1month ago,Super,Must buy!,Arrah,Certified Buyer
141,Samsung Galaxy M30s Blue 128 Gb Reviews: Latest Review of Samsung Galaxy M30s Blue 128 Gb | Price in India | Flipkart.com,5,Deepak Sharma,1month ago,mazing features with performance Falling in love with Samsung üòä,Simply awesome,Bengaluru,Certified Buyer
142,Samsung Galaxy M30s Blue 128 Gb Reviews: Latest Review of Samsung Galaxy M30s Blue 128 Gb | Price in India | Flipkart.com,1,Pradeep Kpk,1month ago,Worst mobile,Absolute rubbish!,Jagalur,Certified Buyer
143,Samsung Galaxy M30s Blue 128 Gb Reviews: Latest Review of Samsung Galaxy M30s Blue 128 Gb | Price in India | Flipkart.com,5,Flipkart Customer,1month ago,The product is superb n has all features as expected....but delivery was late,Simply awesome,Homnabad,Certified Buyer
144,Samsung Galaxy M30s Blue 128 Gb Reviews: Latest Review of Samsung Galaxy M30s Blue 128 Gb | Price in India | Flipkart.com,5,Poojamrutha,1month ago,wesome phone... the best ever... battery life is incredible.. 9 months..many more to go,Mind-blowing purchase,Gurgaon District,Certified Buyer
145,Samsung Galaxy M30s Blue 128 Gb Reviews: Latest Review of Samsung Galaxy M30s Blue 128 Gb | Price in India | Flipkart.com,5,Santosh Pattar,1month ago,Loved it,Worth every penny,Ilkal,Certified Buyer
146,Samsung Galaxy M30s Blue 128 Gb Reviews: Latest Review of Samsung Galaxy M30s Blue 128 Gb | Price in India | Flipkart.com,4,Momo,1month ago,The phone i recieved was in good condition but lets see if it has got it's shelf life covered or not in the coming years....so far it is in good state and is Superb! üòçüòäüëå,Very Good,Jamshedpur,Certified Buyer
147,Samsung Galaxy M30s Blue 128 Gb Reviews: Latest Review of Samsung Galaxy M30s Blue 128 Gb | Price in India | Flipkart.com,3,Rofikul  Alam ,1month ago,Good,Good,Murshidabad District,Certified Buyer
148,Samsung Galaxy M30s Blue 128 Gb Reviews: Latest Review of Samsung Galaxy M30s Blue 128 Gb | Price in India | Flipkart.com,4,TOTON BOSU,1month ago,ll is ok,Good quality product,Bankura,Certified Buyer
149,Samsung Galaxy M30s Blue 128 Gb Reviews: Latest Review of Samsung Galaxy M30s Blue 128 Gb | Price in India | Flipkart.com,5,Narayana Behera,1month ago,verything perfect with this affordable price,Highly recommended,Kendrapara,Certified Buyer
150,Samsung Galaxy M30s Blue 128 Gb Reviews: Latest Review of Samsung Galaxy M30s Blue 128 Gb | Price in India | Flipkart.com,5,Mohammad Ariz,1month ago,Samsung Best Device Ever,Just wow!,Aligarh,Certified Buyer
151,Samsung Galaxy M30s Blue 128 Gb Reviews: Latest Review of Samsung Galaxy M30s Blue 128 Gb | Price in India | Flipkart.com,5,K V VIDHYA SAGAR,1month ago,Nice product...,Classy product,Anakapalle,Certified Buyer
152,Samsung Galaxy M30s Blue 128 Gb Reviews: Latest Review of Samsung Galaxy M30s Blue 128 Gb | Price in India | Flipkart.com,4,Flipkart Customer,2months ago,i like mobile very much,Really Nice,Pune,Certified Buyer
153,Samsung Galaxy M30s Blue 128 Gb Reviews: Latest Review of Samsung Galaxy M30s Blue 128 Gb | Price in India | Flipkart.com,5,Arabinda Ghosh,2months ago,Very good phone ....I love it....,Fabulous!,Kolkata,Certified Buyer
154,Samsung Galaxy M30s Blue 128 Gb Reviews: Latest Review of Samsung Galaxy M30s Blue 128 Gb | Price in India | Flipkart.com,5,Sandesh Vora,2months ago,Good performance ...good looks..feels premium in handüíØ,Wonderful,Thane,Certified Buyer
155,Samsung Galaxy M30s Blue 128 Gb Reviews: Latest Review of Samsung Galaxy M30s Blue 128 Gb | Price in India | Flipkart.com,5,MOHAN  KUMAR,2months ago,Very Smooth working with no hangs,Wonderful,New Delhi,Certified Buyer
156,Samsung Galaxy M30s Blue 128 Gb Reviews: Latest Review of Samsung Galaxy M30s Blue 128 Gb | Price in India | Flipkart.com,5,Mithilesh Kumar,2months ago,Very good product,Terrific purchase,Supaul District,Certified Buyer
157,Samsung Galaxy M30s Blue 128 Gb Reviews: Latest Review of Samsung Galaxy M30s Blue 128 Gb | Price in India | Flipkart.com,5,Flipkart Customer,2months ago,Nice,Highly recommended,Teliamura,Certified Buyer
158,Samsung Galaxy M30s Blue 128 Gb Reviews: Latest Review of Samsung Galaxy M30s Blue 128 Gb | Price in India | Flipkart.com,5,Flipkart Customer,2months ago,good,Terrific,Neyveli,Certified Buyer
159,Samsung Galaxy M30s Blue 128 Gb Reviews: Latest Review of Samsung Galaxy M30s Blue 128 Gb | Price in India | Flipkart.com,5,Mega  Nathan ,2months ago,Nice Mobile,Awesome,Vazhapadi,Certified Buyer
160,Samsung Galaxy M30s Blue 128 Gb Reviews: Latest Review of Samsung Galaxy M30s Blue 128 Gb | Price in India | Flipkart.com,5,Guru basra,2months ago,100% original productüòç,Brilliant,Patiala,Certified Buyer
161,Samsung Galaxy M30s Blue 128 Gb Reviews: Latest Review of Samsung Galaxy M30s Blue 128 Gb | Price in India | Flipkart.com,5,Satish Reddy,2months ago,Super mobile excellent product,Must buy!,Ysr District,Certified Buyer
162,Samsung Galaxy M30s Blue 128 Gb Reviews: Latest Review of Samsung Galaxy M30s Blue 128 Gb | Price in India | Flipkart.com,3,Dharmesh  M P,2months ago,mobile is good,Fair,Bengaluru,Certified Buyer
163,Samsung Galaxy M30s Blue 128 Gb Reviews: Latest Review of Samsung Galaxy M30s Blue 128 Gb | Price in India | Flipkart.com,5,Gurudatta Kulkarni,2months ago,obile is looks like apple phone..full screen display and high touch performance,Worth every penny,Solapur,Certified Buyer
164,Samsung Galaxy M30s Blue 128 Gb Reviews: Latest Review of Samsung Galaxy M30s Blue 128 Gb | Price in India | Flipkart.com,4,Arun Kumar,2months ago,Nice good mobile from samsung,Worth the money,Hyderabad,Certified Buyer
165,Samsung Galaxy M30s Blue 128 Gb Reviews: Latest Review of Samsung Galaxy M30s Blue 128 Gb | Price in India | Flipkart.com,4,Rubitaz Mamta,2months ago,wesome,Good choice,Kamrup District,Certified Buyer
166,Samsung Galaxy M30s Blue 128 Gb Reviews: Latest Review of Samsung Galaxy M30s Blue 128 Gb | Price in India | Flipkart.com,5,Bhasam Udhaybhaskar,2months ago,Best mobile,Highly recommended,Sri Potti Sriramulu Nellore District,Certified Buyer
167,Samsung Galaxy M30s Blue 128 Gb Reviews: Latest Review of Samsung Galaxy M30s Blue 128 Gb | Price in India | Flipkart.com,5,Anand Pandey,2months ago,wesome,Simply awesome,Maharajganj,Certified Buyer
168,Samsung Galaxy M30s Blue 128 Gb Reviews: Latest Review of Samsung Galaxy M30s Blue 128 Gb | Price in India | Flipkart.com,4,Rishika   Rajan,2months ago,the product is awsm...I loved it's function,Very Good,Pilibhit,Certified Buyer
169,Samsung Galaxy M30s Blue 128 Gb Reviews: Latest Review of Samsung Galaxy M30s Blue 128 Gb | Price in India | Flipkart.com,5,BINU VARUGHESE,2months ago,Very good,Highly recommended,Pathanamthitta District,Certified Buyer
170,Samsung Galaxy M30s Blue 128 Gb Reviews: Latest Review of Samsung Galaxy M30s Blue 128 Gb | Price in India | Flipkart.com,4,Flipkart Customer,2months ago,Good,Worth the money,Srikakulam District,Certified Buyer
171,Samsung Galaxy M30s Blue 128 Gb Reviews: Latest Review of Samsung Galaxy M30s Blue 128 Gb | Price in India | Flipkart.com,5,K Sathish kumar,2months ago,urat Parda price and battery life and performance good,Awesome,Tiruchirappalli,Certified Buyer
172,Samsung Galaxy M30s Blue 128 Gb Reviews: Latest Review of Samsung Galaxy M30s Blue 128 Gb | Price in India | Flipkart.com,3,Yashwant Kumar,2months ago,Camera quality is not good,Nice,Barh,Certified Buyer
173,Samsung Galaxy M30s Blue 128 Gb Reviews: Latest Review of Samsung Galaxy M30s Blue 128 Gb | Price in India | Flipkart.com,5,Nitiraj Yadav,3months ago,wesome product. Value of money,Mind-blowing purchase,Masaurhi,Certified Buyer
174,Samsung Galaxy M30s Blue 128 Gb Reviews: Latest Review of Samsung Galaxy M30s Blue 128 Gb | Price in India | Flipkart.com,5,Jeevan Kumar ,3months ago,utstanding,Fabulous!,Donimalai Township,Certified Buyer
175,Samsung Galaxy M30s Blue 128 Gb Reviews: Latest Review of Samsung Galaxy M30s Blue 128 Gb | Price in India | Flipkart.com,5,Flipkart Customer,3months ago,Lovly mobile.M satisfy wid the delivery,Must buy!,Guwahati,Certified Buyer
176,Samsung Galaxy M30s Blue 128 Gb Reviews: Latest Review of Samsung Galaxy M30s Blue 128 Gb | Price in India | Flipkart.com,5,Flipkart Customer,3months ago,Very nice product,Fabulous!,Sonitpur District,Certified Buyer
177,Samsung Galaxy M30s Blue 128 Gb Reviews: Latest Review of Samsung Galaxy M30s Blue 128 Gb | Price in India | Flipkart.com,5,Tejvir Singh,3months ago,obile prublam,Terrific,Sadabad,Certified Buyer
178,Samsung Galaxy M30s Blue 128 Gb Reviews: Latest Review of Samsung Galaxy M30s Blue 128 Gb | Price in India | Flipkart.com,1,Kanagarasu M,3months ago,"isplay glass mare in poor material , performing very very  poor most of time hand set heating out of room.....",Don't waste your money,Viluppuram District,Certified Buyer
179,Samsung Galaxy M30s Blue 128 Gb Reviews: Latest Review of Samsung Galaxy M30s Blue 128 Gb | Price in India | Flipkart.com,4,Flipkart Customer,3months ago,"wesome product, not get an expected performance from the front & rear camera. All other perfomance and battery backup was really outstanding, ofcourse it is a worth of money product üíØ",Worth the money,Atholi,Certified Buyer
180,Samsung Galaxy M30s Blue 128 Gb Reviews: Latest Review of Samsung Galaxy M30s Blue 128 Gb | Price in India | Flipkart.com,5,Mohammad  Kalloo ,3months ago,xcellent thanks flipkart,Great product,Maunath Bhanjan,Certified Buyer
181,Samsung Galaxy M30s Blue 128 Gb Reviews: Latest Review of Samsung Galaxy M30s Blue 128 Gb | Price in India | Flipkart.com,1,Flipkart Customer,3months ago,Not given to glass guard and ear phone,Unsatisfactory,Mandapeta,Certified Buyer
182,Samsung Galaxy M30s Blue 128 Gb Reviews: Latest Review of Samsung Galaxy M30s Blue 128 Gb | Price in India | Flipkart.com,5,Uttam  Kashyap ,3months ago,xcellent smartphone....,Super!,Gadarwara,Certified Buyer
183,Samsung Galaxy M30s Blue 128 Gb Reviews: Latest Review of Samsung Galaxy M30s Blue 128 Gb | Price in India | Flipkart.com,5,Flipkart Customer,3months ago,wesome battery and good display smartphone but network issues of this smartphone,Highly recommended,Selaqui,Certified Buyer
184,Samsung Galaxy M30s Blue 128 Gb Reviews: Latest Review of Samsung Galaxy M30s Blue 128 Gb | Price in India | Flipkart.com,4,Neha  Kundu,3months ago,xcellent budget phone with full featured experience to use.,Very Good,Rohtak,Certified Buyer
185,Samsung Galaxy M30s Blue 128 Gb Reviews: Latest Review of Samsung Galaxy M30s Blue 128 Gb | Price in India | Flipkart.com,1,Ujjwal  Mandal ,3months ago,Bad product,Not recommended at all,New Town,Certified Buyer
186,Samsung Galaxy M30s Blue 128 Gb Reviews: Latest Review of Samsung Galaxy M30s Blue 128 Gb | Price in India | Flipkart.com,5,Rohit Bhilare,3months ago,Nice product as per price,Perfect product!,Mumbai,Certified Buyer
187,Samsung Galaxy M30s Blue 128 Gb Reviews: Latest Review of Samsung Galaxy M30s Blue 128 Gb | Price in India | Flipkart.com,4,Sanjay Chadchane,3months ago,waysome mobile,Wonderful,Solapur District,Certified Buyer
188,Samsung Galaxy M30s Blue 128 Gb Reviews: Latest Review of Samsung Galaxy M30s Blue 128 Gb | Price in India | Flipkart.com,5,Richard C,4months ago,Superb picture quality. Not that great in night mode. Video stabilization is not up to the mark.,Brilliant,Kolkata,Certified Buyer
189,Samsung Galaxy M30s Blue 128 Gb Reviews: Latest Review of Samsung Galaxy M30s Blue 128 Gb | Price in India | Flipkart.com,4,Flipkart Customer,4months ago,Good,Pretty good,Panipat,Certified Buyer
190,Samsung Galaxy M30s Blue 128 Gb Reviews: Latest Review of Samsung Galaxy M30s Blue 128 Gb | Price in India | Flipkart.com,4,Flipkart Customer,4months ago,good,Good choice,Ghaziabad,Certified Buyer
191,Samsung Galaxy M30s Blue 128 Gb Reviews: Latest Review of Samsung Galaxy M30s Blue 128 Gb | Price in India | Flipkart.com,1,Ashutosh Shukla,4months ago,Can only be used with Indian simcard and it didn't say anything regarding this in the product specifications,Hated it!,Gonda,Certified Buyer
192,Samsung Galaxy M30s Blue 128 Gb Reviews: Latest Review of Samsung Galaxy M30s Blue 128 Gb | Price in India | Flipkart.com,5,Rajan Sah,4months ago,k,Awesome,Howrah,Certified Buyer
193,Samsung Galaxy M30s Blue 128 Gb Reviews: Latest Review of Samsung Galaxy M30s Blue 128 Gb | Price in India | Flipkart.com,4,Karthik  S,5months ago,Good,Really Nice,Bengaluru,Certified Buyer
194,Samsung Galaxy M30s Blue 128 Gb Reviews: Latest Review of Samsung Galaxy M30s Blue 128 Gb | Price in India | Flipkart.com,4,Sarwan Sinha,5months ago,wesome phone,Wonderful,Malur,Certified Buyer
195,Samsung Galaxy M30s Blue 128 Gb Reviews: Latest Review of Samsung Galaxy M30s Blue 128 Gb | Price in India | Flipkart.com,5,Yadap  Timsina,5months ago,Best phone,Just wow!,Mohali,Certified Buyer
196,Samsung Galaxy M30s Blue 128 Gb Reviews: Latest Review of Samsung Galaxy M30s Blue 128 Gb | Price in India | Flipkart.com,5,Flipkart Customer,5months ago,xcellent,Mind-blowing purchase,Macherla,Certified Buyer
197,Samsung Galaxy M30s Blue 128 Gb Reviews: Latest Review of Samsung Galaxy M30s Blue 128 Gb | Price in India | Flipkart.com,5,Mohommad Abuzar,5months ago,That is a out standing smart phone,Brilliant,Saharanpur District,Certified Buyer
198,Samsung Galaxy M30s Blue 128 Gb Reviews: Latest Review of Samsung Galaxy M30s Blue 128 Gb | Price in India | Flipkart.com,5,Rohan Kuril,5months ago,wesome product,Classy product,Aurangabad,Certified Buyer
199,Samsung Galaxy M30s Blue 128 Gb Reviews: Latest Review of Samsung Galaxy M30s Blue 128 Gb | Price in India | Flipkart.com,3,ajeesh k,5months ago,Poor cam,Just okay,Palakkad,Certified Buyer
200,Samsung Galaxy M30s Blue 128 Gb Reviews: Latest Review of Samsung Galaxy M30s Blue 128 Gb | Price in India | Flipkart.com,4,MANISH ALI,5months ago,xcellent,Really Nice,New Delhi,Certified Buyer
201,Samsung Galaxy M30s Blue 128 Gb Reviews: Latest Review of Samsung Galaxy M30s Blue 128 Gb | Price in India | Flipkart.com,4,Reinaldo Marwei√±,5months ago,Good product,Worth the money,Shillong,Certified Buyer
202,Samsung Galaxy M30s Blue 128 Gb Reviews: Latest Review of Samsung Galaxy M30s Blue 128 Gb | Price in India | Flipkart.com,5,Ashok Ananth,5months ago,Suprrrrrrrrrüòç,Mind-blowing purchase,Mylaudy,Certified Buyer
203,Samsung Galaxy M30s Blue 128 Gb Reviews: Latest Review of Samsung Galaxy M30s Blue 128 Gb | Price in India | Flipkart.com,5,Gurpal  Singh ,5months ago,V nicc,Great product,Nalagarh,Certified Buyer
204,Samsung Galaxy M30s Blue 128 Gb Reviews: Latest Review of Samsung Galaxy M30s Blue 128 Gb | Price in India | Flipkart.com,5,Flipkart Customer,5months ago,Good,Best in the market!,Daman,Certified Buyer
205,Samsung Galaxy M30s Blue 128 Gb Reviews: Latest Review of Samsung Galaxy M30s Blue 128 Gb | Price in India | Flipkart.com,5,Flipkart Customer,5months ago,Nice,Terrific,Dahej Sir,Certified Buyer
206,Samsung Galaxy M30s Blue 128 Gb Reviews: Latest Review of Samsung Galaxy M30s Blue 128 Gb | Price in India | Flipkart.com,5,Raj Dipak Singh ,5months ago,To good,Terrific,Hansalpur,Certified Buyer
207,Samsung Galaxy M30s Blue 128 Gb Reviews: Latest Review of Samsung Galaxy M30s Blue 128 Gb | Price in India | Flipkart.com,5,Kushal  H R kushal ,5months ago,Very good,Terrific purchase,Bengaluru,Certified Buyer
208,Samsung Galaxy M30s Blue 128 Gb Reviews: Latest Review of Samsung Galaxy M30s Blue 128 Gb | Price in India | Flipkart.com,4,Naveen Mani,5months ago,Nice,Pretty good,Guntur,Certified Buyer
209,Samsung Galaxy M30s Blue 128 Gb Reviews: Latest Review of Samsung Galaxy M30s Blue 128 Gb | Price in India | Flipkart.com,4,Ujjawal  Kumar ,5months ago,Very good product,Good choice,Hazaribagh,Certified Buyer
210,Samsung Galaxy M30s Blue 128 Gb Reviews: Latest Review of Samsung Galaxy M30s Blue 128 Gb | Price in India | Flipkart.com,4,Chandru  ,5months ago,No product,Wonderful,Kottur,Certified Buyer
211,Samsung Galaxy M30s Blue 128 Gb Reviews: Latest Review of Samsung Galaxy M30s Blue 128 Gb | Price in India | Flipkart.com,5,decent boy lucky,5months ago,superrrrbbbbb phone,Worth every penny,Sircar Periapalayam,Certified Buyer
212,Samsung Galaxy M30s Blue 128 Gb Reviews: Latest Review of Samsung Galaxy M30s Blue 128 Gb | Price in India | Flipkart.com,5,Mohamed Aisil,5months ago,No comments,Perfect product!,Pondicherry,Certified Buyer
213,Samsung Galaxy M30s Blue 128 Gb Reviews: Latest Review of Samsung Galaxy M30s Blue 128 Gb | Price in India | Flipkart.com,5,Deependra singh,5months ago,Nice mobile It is Beautiful Camera and Battery Excellent,Terrific,Shankargarh,Certified Buyer
214,Samsung Galaxy M30s Blue 128 Gb Reviews: Latest Review of Samsung Galaxy M30s Blue 128 Gb | Price in India | Flipkart.com,3,Flipkart Customer,5months ago,Nice product,Does the job,Allahabad District,Certified Buyer
215,Samsung Galaxy M30s Blue 128 Gb Reviews: Latest Review of Samsung Galaxy M30s Blue 128 Gb | Price in India | Flipkart.com,5,Flipkart Customer,5months ago,very nice,Excellent,Agartala,Certified Buyer
216,Samsung Galaxy M30s Blue 128 Gb Reviews: Latest Review of Samsung Galaxy M30s Blue 128 Gb | Price in India | Flipkart.com,5,Rati kanta Pradhan,5months ago,Good,Awesome,Baleshwar,Certified Buyer
217,Samsung Galaxy M30s Blue 128 Gb Reviews: Latest Review of Samsung Galaxy M30s Blue 128 Gb | Price in India | Flipkart.com,5,Flipkart Customer,5months ago,Thankyou so much nice product and quick delivery everyone liked it,Brilliant,Dharwad,Certified Buyer
218,Samsung Galaxy M30s Blue 128 Gb Reviews: Latest Review of Samsung Galaxy M30s Blue 128 Gb | Price in India | Flipkart.com,5,Flipkart Customer,5months ago,"eal image capture,but some lag  camera .I love multi windows open in one screen features. Over all best phone in this range.",Terrific purchase,Chamoli District,Certified Buyer
219,Samsung Galaxy M30s Blue 128 Gb Reviews: Latest Review of Samsung Galaxy M30s Blue 128 Gb | Price in India | Flipkart.com,4,Suraj Shaikh,5months ago,Good for normal users and performance was slightly Improved comparing previous processer 9610,Value-for-money,Naldurg,Certified Buyer
220,Samsung Galaxy M30s Blue 128 Gb Reviews: Latest Review of Samsung Galaxy M30s Blue 128 Gb | Price in India | Flipkart.com,5,Antony Antony,5months ago,Nice,Must buy!,Thoothukkudi District,Certified Buyer
221,Samsung Galaxy M30s Blue 128 Gb Reviews: Latest Review of Samsung Galaxy M30s Blue 128 Gb | Price in India | Flipkart.com,5,Vinay kant Usare,5months ago,Super phone,Awesome,Antagarh,Certified Buyer
222,Samsung Galaxy M30s Blue 128 Gb Reviews: Latest Review of Samsung Galaxy M30s Blue 128 Gb | Price in India | Flipkart.com,5,sajit,5months ago,Great product,Terrific,Verna,Certified Buyer
223,Samsung Galaxy M30s Blue 128 Gb Reviews: Latest Review of Samsung Galaxy M30s Blue 128 Gb | Price in India | Flipkart.com,5,Shameer 1518,5months ago,nice amazing phone,Best in the market!,Kondotty,Certified Buyer
224,Samsung Galaxy M30s Blue 128 Gb Reviews: Latest Review of Samsung Galaxy M30s Blue 128 Gb | Price in India | Flipkart.com,4,Dhiresh Govil,5months ago,verall a Chalta Phirta..BEAST TRULY A AMAZING EXPERIENCE THANKS..SAMSUNG.,Wonderful,Daman,Certified Buyer
225,Samsung Galaxy M30s Blue 128 Gb Reviews: Latest Review of Samsung Galaxy M30s Blue 128 Gb | Price in India | Flipkart.com,5,Amit  Sagathiya,5months ago,Superb mobile,Terrific,Ahmedabad,Certified Buyer
226,Samsung Galaxy M30s Blue 128 Gb Reviews: Latest Review of Samsung Galaxy M30s Blue 128 Gb | Price in India | Flipkart.com,5,Sanju  Singh ,5months ago,Good product,Terrific,Surajpur District,Certified Buyer
227,Samsung Galaxy M30s Blue 128 Gb Reviews: Latest Review of Samsung Galaxy M30s Blue 128 Gb | Price in India | Flipkart.com,4,Flipkart Customer,5months ago,very happy to get the product at the time of expected date,Worth the money,East Godavari District,Certified Buyer
228,Samsung Galaxy M30s Blue 128 Gb Reviews: Latest Review of Samsung Galaxy M30s Blue 128 Gb | Price in India | Flipkart.com,5,Rampal Jangra,5months ago,"Nice phone , all things are good..",Highly recommended,Jind,Certified Buyer
229,Samsung Galaxy M30s Blue 128 Gb Reviews: Latest Review of Samsung Galaxy M30s Blue 128 Gb | Price in India | Flipkart.com,5,Flipkart Customer,5months ago,Phone is awesomeSpeechless. I very happy for your service and best effort. I got the phone within the given date.. Thanks you so much,Wonderful,Kumily,Certified Buyer
230,Samsung Galaxy M30s Blue 128 Gb Reviews: Latest Review of Samsung Galaxy M30s Blue 128 Gb | Price in India | Flipkart.com,5,Flipkart Customer,5months ago,uch butter,Perfect product!,Hyderabad,Certified Buyer
231,Samsung Galaxy M30s Blue 128 Gb Reviews: Latest Review of Samsung Galaxy M30s Blue 128 Gb | Price in India | Flipkart.com,5,Flipkart Customer,5months ago,V v nice,Highly recommended,Bharuch District,Certified Buyer
232,Samsung Galaxy M30s Blue 128 Gb Reviews: Latest Review of Samsung Galaxy M30s Blue 128 Gb | Price in India | Flipkart.com,5,Chetan  Bambharoliya ,5months ago,Good mobile,Terrific purchase,Junagadh District,Certified Buyer
233,Samsung Galaxy M30s Blue 128 Gb Reviews: Latest Review of Samsung Galaxy M30s Blue 128 Gb | Price in India | Flipkart.com,5,Zahir  Hussain,5months ago,Thanks,Mind-blowing purchase,Coimbatore District,Certified Buyer
234,Samsung Galaxy M30s Blue 128 Gb Reviews: Latest Review of Samsung Galaxy M30s Blue 128 Gb | Price in India | Flipkart.com,5,Ramesh Dasari  Ramesh ,5months ago,I love flipkart superüòòüòçüòçüòçüòç,Mind-blowing purchase,Medchal Malkajgiri District,Certified Buyer
235,Samsung Galaxy M30s Blue 128 Gb Reviews: Latest Review of Samsung Galaxy M30s Blue 128 Gb | Price in India | Flipkart.com,4,Tashi bhutia,5months ago,Low light camera..is so good,Good quality product,Upper Tadong,Certified Buyer
236,Samsung Galaxy M30s Blue 128 Gb Reviews: Latest Review of Samsung Galaxy M30s Blue 128 Gb | Price in India | Flipkart.com,4,Ayush  Gupta ,6months ago,sm phone,Value-for-money,Bhind,Certified Buyer
237,Samsung Galaxy M30s Blue 128 Gb Reviews: Latest Review of Samsung Galaxy M30s Blue 128 Gb | Price in India | Flipkart.com,4,Akkian Anudesh Srivastava,6months ago,wesome phone...display quality and battery performance next level...camera is also v good,Good choice,Haridwar,Certified Buyer
238,Samsung Galaxy M30s Blue 128 Gb Reviews: Latest Review of Samsung Galaxy M30s Blue 128 Gb | Price in India | Flipkart.com,5,Bhavani Manigandan,6months ago,wsm,Excellent,Puducherry,Certified Buyer
239,Samsung Galaxy M30s Blue 128 Gb Reviews: Latest Review of Samsung Galaxy M30s Blue 128 Gb | Price in India | Flipkart.com,4,Tuhin das,6months ago,Very good,Pretty good,Dhupguri,Certified Buyer
240,Samsung Galaxy M30s Blue 128 Gb Reviews: Latest Review of Samsung Galaxy M30s Blue 128 Gb | Price in India | Flipkart.com,5, Neeraj Zangid,6months ago,wesome phone l am loving it,Simply awesome,Jaipur,Certified Buyer
241,Samsung Galaxy M30s Blue 128 Gb Reviews: Latest Review of Samsung Galaxy M30s Blue 128 Gb | Price in India | Flipkart.com,4,Sivanandan M,6months ago,Good,Value-for-money,Kanhangad,Certified Buyer
242,Samsung Galaxy M30s Blue 128 Gb Reviews: Latest Review of Samsung Galaxy M30s Blue 128 Gb | Price in India | Flipkart.com,5,Arvind,6months ago,Superb,Mind-blowing purchase,Jalandhar,Certified Buyer
243,Samsung Galaxy M30s Blue 128 Gb Reviews: Latest Review of Samsung Galaxy M30s Blue 128 Gb | Price in India | Flipkart.com,5,Vinod kumar Saini,6months ago,Good product  my choice  company,Classy product,Gurugram,Certified Buyer
244,Samsung Galaxy M30s Blue 128 Gb Reviews: Latest Review of Samsung Galaxy M30s Blue 128 Gb | Price in India | Flipkart.com,5,Dr. hiren umretiya  ,6months ago,Good,Just wow!,Gsfc Reliance Complex,Certified Buyer
245,Samsung Galaxy M30s Blue 128 Gb Reviews: Latest Review of Samsung Galaxy M30s Blue 128 Gb | Price in India | Flipkart.com,5,Swapan  Chandra ,6months ago,Very nice mobile within price range.,Wonderful,Chittaranjan,Certified Buyer
246,Samsung Galaxy M30s Blue 128 Gb Reviews: Latest Review of Samsung Galaxy M30s Blue 128 Gb | Price in India | Flipkart.com,5,Seena Dkhar,6months ago,It's more better than I expected. Thank You,Brilliant,Shillong,Certified Buyer
247,Samsung Galaxy M30s Blue 128 Gb Reviews: Latest Review of Samsung Galaxy M30s Blue 128 Gb | Price in India | Flipkart.com,1,Akash Fofandi,6months ago,after phone update charging is not working don purpose this phone,Terrible product,Ahmedabad,Certified Buyer
248,Samsung Galaxy M30s Blue 128 Gb Reviews: Latest Review of Samsung Galaxy M30s Blue 128 Gb | Price in India | Flipkart.com,5,Amit Bhavreta,6months ago,Nice cell,Excellent,Nagda,Certified Buyer
249,Samsung Galaxy M30s Blue 128 Gb Reviews: Latest Review of Samsung Galaxy M30s Blue 128 Gb | Price in India | Flipkart.com,5,Shrey Jha,6months ago,Nice,Terrific,Deoghar,Certified Buyer
250,Samsung Galaxy M30s Blue 128 Gb Reviews: Latest Review of Samsung Galaxy M30s Blue 128 Gb | Price in India | Flipkart.com,5,Maya,6months ago,Great display and battery and monster every thing,Highly recommended,New Delhi,Certified Buyer
251,Samsung Galaxy M30s Blue 128 Gb Reviews: Latest Review of Samsung Galaxy M30s Blue 128 Gb | Price in India | Flipkart.com,5,Shahjad .,6months ago,Good,Must buy!,Panipat,Certified Buyer
252,Samsung Galaxy M30s Blue 128 Gb Reviews: Latest Review of Samsung Galaxy M30s Blue 128 Gb | Price in India | Flipkart.com,5,Sajid  Khalif,6months ago,k,Mind-blowing purchase,Hassan,Certified Buyer
253,Samsung Galaxy M30s Blue 128 Gb Reviews: Latest Review of Samsung Galaxy M30s Blue 128 Gb | Price in India | Flipkart.com,4,Gowtham 12996,6months ago,Fancy looking..decent one..,Good choice,Kulithalai,Certified Buyer
254,Samsung Galaxy M30s Blue 128 Gb Reviews: Latest Review of Samsung Galaxy M30s Blue 128 Gb | Price in India | Flipkart.com,5,Sanatan Sahu,6months ago,Nice phone,Terrific purchase,Ibrahimpatnam,Certified Buyer
255,Samsung Galaxy M30s Blue 128 Gb Reviews: Latest Review of Samsung Galaxy M30s Blue 128 Gb | Price in India | Flipkart.com,4,Upesh kumar Pandey,6months ago,Nice phone üôÇ,Wonderful,Prayagraj,Certified Buyer
256,Samsung Galaxy M30s Blue 128 Gb Reviews: Latest Review of Samsung Galaxy M30s Blue 128 Gb | Price in India | Flipkart.com,5,vishal thakur,6months ago,great experience with samsung thank you so much flipkart,Excellent,Mohali,Certified Buyer
257,Samsung Galaxy M30s Blue 128 Gb Reviews: Latest Review of Samsung Galaxy M30s Blue 128 Gb | Price in India | Flipkart.com,5,Flipkart Customer,6months ago,Product is ok,Brilliant,Chennai,Certified Buyer
258,Samsung Galaxy M30s Blue 128 Gb Reviews: Latest Review of Samsung Galaxy M30s Blue 128 Gb | Price in India | Flipkart.com,5,Krishna Nandan Mahto  Mahto,6months ago,Very nice phones,Wonderful,Palacole,Certified Buyer
259,Samsung Galaxy M30s Blue 128 Gb Reviews: Latest Review of Samsung Galaxy M30s Blue 128 Gb | Price in India | Flipkart.com,4,Nilesh Killekar,6months ago,Nice product,Wonderful,Amravati,Certified Buyer
260,Samsung Galaxy M30s Blue 128 Gb Reviews: Latest Review of Samsung Galaxy M30s Blue 128 Gb | Price in India | Flipkart.com,5,Gourav Chattaraj,6months ago,Just Awesome,Simply awesome,Kolkata,Certified Buyer
261,Samsung Galaxy M30s Blue 128 Gb Reviews: Latest Review of Samsung Galaxy M30s Blue 128 Gb | Price in India | Flipkart.com,5,Flipkart Customer,6months ago,Very nice to use and battery pack is very good,Wonderful,Ambur,Certified Buyer
262,Samsung Galaxy M30s Blue 128 Gb Reviews: Latest Review of Samsung Galaxy M30s Blue 128 Gb | Price in India | Flipkart.com,5,Pritam Lama,6months ago,Bery good samsung!!..maan khush kaardiyah tunney!!..ü•∞ü•∞,Perfect product!,Alipurduar District,Certified Buyer
263,Samsung Galaxy M30s Blue 128 Gb Reviews: Latest Review of Samsung Galaxy M30s Blue 128 Gb | Price in India | Flipkart.com,5,Flipkart Customer,6months ago,Good,Brilliant,Thane District,Certified Buyer
264,Samsung Galaxy M30s Blue 128 Gb Reviews: Latest Review of Samsung Galaxy M30s Blue 128 Gb | Price in India | Flipkart.com,4,Sivasakthi Lenin chakravarthy,6months ago,Nice model and battery life is good,Good quality product,Devakottai,Certified Buyer
265,Samsung Galaxy M30s Blue 128 Gb Reviews: Latest Review of Samsung Galaxy M30s Blue 128 Gb | Price in India | Flipkart.com,5,Rajesh Thapa,6months ago,very nice product,Wonderful,Bareilly District,Certified Buyer
266,Samsung Galaxy M30s Blue 128 Gb Reviews: Latest Review of Samsung Galaxy M30s Blue 128 Gb | Price in India | Flipkart.com,5,Aapi H,6months ago,Fast delivery and mobile is  awesome...worth for money,Worth every penny,Yupia,Certified Buyer
267,Samsung Galaxy M30s Blue 128 Gb Reviews: Latest Review of Samsung Galaxy M30s Blue 128 Gb | Price in India | Flipkart.com,4,vinoth kumar,6months ago,Not bad but ok to use,Really Nice,Dindigul,Certified Buyer
268,Samsung Galaxy M30s Blue 128 Gb Reviews: Latest Review of Samsung Galaxy M30s Blue 128 Gb | Price in India | Flipkart.com,5,Flipkart Customer,6months ago,Sooooooperb.....no words,Super!,Kozhikode District,Certified Buyer
269,Samsung Galaxy M30s Blue 128 Gb Reviews: Latest Review of Samsung Galaxy M30s Blue 128 Gb | Price in India | Flipkart.com,4,Gouse Takkalpalli,6months ago,good,Wonderful,Anantapur,Certified Buyer
270,Samsung Galaxy M30s Blue 128 Gb Reviews: Latest Review of Samsung Galaxy M30s Blue 128 Gb | Price in India | Flipkart.com,5,Suresh Suthar,6months ago,"Galaxy is the best mobile , superb mobile tq flipkart",Terrific purchase,Bilara,Certified Buyer
271,Samsung Galaxy M30s Blue 128 Gb Reviews: Latest Review of Samsung Galaxy M30s Blue 128 Gb | Price in India | Flipkart.com,5,Abhishek Baranwal,6months ago,Fantastic,Worth every penny,Jaunpur,Certified Buyer
272,Samsung Galaxy M30s Blue 128 Gb Reviews: Latest Review of Samsung Galaxy M30s Blue 128 Gb | Price in India | Flipkart.com,5,Argha deep Das,6months ago,Samsung is best bro ü•∞,Worth every penny,Siliguri,Certified Buyer
273,Samsung Galaxy M30s Blue 128 Gb Reviews: Latest Review of Samsung Galaxy M30s Blue 128 Gb | Price in India | Flipkart.com,1,inderpreet singh mangat,6months ago,y M30s samsung bettery was good as i was expected. While calling voice was not going correctly to other person how was listening. Camera quality was not same point which it should v .,Waste of money!,Ludhiana District,Certified Buyer
274,Samsung Galaxy M30s Blue 128 Gb Reviews: Latest Review of Samsung Galaxy M30s Blue 128 Gb | Price in India | Flipkart.com,5,Gunjan Das,6months ago,wesome product,Simply awesome,Maldah District,Certified Buyer
275,Samsung Galaxy M30s Blue 128 Gb Reviews: Latest Review of Samsung Galaxy M30s Blue 128 Gb | Price in India | Flipkart.com,5,Sanchita Mukherjee,6months ago,probably the best phone till now. loved it .just buy it,Worth every penny,Siliguri,Certified Buyer
276,Samsung Galaxy M30s Blue 128 Gb Reviews: Latest Review of Samsung Galaxy M30s Blue 128 Gb | Price in India | Flipkart.com,5,gajanan dhoot,6months ago,Very Good,Must buy!,Parbhani,Certified Buyer
277,Samsung Galaxy M30s Blue 128 Gb Reviews: Latest Review of Samsung Galaxy M30s Blue 128 Gb | Price in India | Flipkart.com,5,BIJOY JOY,7months ago,it's good,Classy product,Ala,Certified Buyer
278,Samsung Galaxy M30s Blue 128 Gb Reviews: Latest Review of Samsung Galaxy M30s Blue 128 Gb | Price in India | Flipkart.com,5,chetana patil,7months ago,Good One.,Terrific,Bengaluru,Certified Buyer
279,Samsung Galaxy M30s Blue 128 Gb Reviews: Latest Review of Samsung Galaxy M30s Blue 128 Gb | Price in India | Flipkart.com,5,Flipkart Customer,7months ago,very very nice,Mind-blowing purchase,Thane District,Certified Buyer
280,Samsung Galaxy M30s Blue 128 Gb Reviews: Latest Review of Samsung Galaxy M30s Blue 128 Gb | Price in India | Flipkart.com,5,Vikash Kumar,7months ago,Nice  samsang phone,Brilliant,Hyderabad,Certified Buyer
281,Samsung Galaxy M30s Blue 128 Gb Reviews: Latest Review of Samsung Galaxy M30s Blue 128 Gb | Price in India | Flipkart.com,2,Mohammed  Tazim,7months ago,lovely,Moderate,New Delhi,Certified Buyer
282,Samsung Galaxy M30s Blue 128 Gb Reviews: Latest Review of Samsung Galaxy M30s Blue 128 Gb | Price in India | Flipkart.com,3,vinoth rtr,7months ago,good,Fair,Coimbatore,Certified Buyer
283,Samsung Galaxy M30s Blue 128 Gb Reviews: Latest Review of Samsung Galaxy M30s Blue 128 Gb | Price in India | Flipkart.com,5,Flipkart Customer,7months ago,Nice üëåüëå mobile,Just wow!,Osmanabad,Certified Buyer
284,Samsung Galaxy M30s Blue 128 Gb Reviews: Latest Review of Samsung Galaxy M30s Blue 128 Gb | Price in India | Flipkart.com,5,Flipkart Customer,7months ago,smartphone,Brilliant,Belpahar,Certified Buyer
285,Samsung Galaxy M30s Blue 128 Gb Reviews: Latest Review of Samsung Galaxy M30s Blue 128 Gb | Price in India | Flipkart.com,4,Flipkart Customer,7months ago,superb mobile,Delightful,Sulluru,Certified Buyer
286,Samsung Galaxy M30s Blue 128 Gb Reviews: Latest Review of Samsung Galaxy M30s Blue 128 Gb | Price in India | Flipkart.com,5,Prabhat Singh,7months ago,Best in its price segment,Awesome,Raigarh,Certified Buyer
287,Samsung Galaxy M30s Blue 128 Gb Reviews: Latest Review of Samsung Galaxy M30s Blue 128 Gb | Price in India | Flipkart.com,5,Partha Barui,7months ago,Good,Classy product,Hugli District,Certified Buyer
288,Samsung Galaxy M30s Blue 128 Gb Reviews: Latest Review of Samsung Galaxy M30s Blue 128 Gb | Price in India | Flipkart.com,5,Flipkart Seller,7months ago,mobile is good but price is high,Mind-blowing purchase,Metpally,Certified Buyer
289,Samsung Galaxy M30s Blue 128 Gb Reviews: Latest Review of Samsung Galaxy M30s Blue 128 Gb | Price in India | Flipkart.com,5,Bhau Saheb Patil,7months ago,very very good,Perfect product!,Aurangabad District,Certified Buyer
290,Samsung Galaxy M30s Blue 128 Gb Reviews: Latest Review of Samsung Galaxy M30s Blue 128 Gb | Price in India | Flipkart.com,5,Sagar Jogi,7months ago,Worth for money,Highly recommended,Bengaluru,Certified Buyer
291,Samsung Galaxy M30s Blue 128 Gb Reviews: Latest Review of Samsung Galaxy M30s Blue 128 Gb | Price in India | Flipkart.com,5,Flipkart Custome Thangaraj N,7months ago,"this mobile front and back camera very clear,battery packup is too good  battery comes two days it is good worth to money",Terrific purchase,The Nilgiris District,Certified Buyer
292,Samsung Galaxy M30s Blue 128 Gb Reviews: Latest Review of Samsung Galaxy M30s Blue 128 Gb | Price in India | Flipkart.com,3,ROOP CHAND MEENA ,7months ago,I like model but some more length 3mm screen,Does the job,Chennai,Certified Buyer
293,Samsung Galaxy M30s Blue 128 Gb Reviews: Latest Review of Samsung Galaxy M30s Blue 128 Gb | Price in India | Flipkart.com,3,Flipkart Customer,7months ago,okay,Decent product,Chennai,Certified Buyer
294,Samsung Galaxy M30s Blue 128 Gb Reviews: Latest Review of Samsung Galaxy M30s Blue 128 Gb | Price in India | Flipkart.com,5,Aravind kumar S,7months ago,Super style and good look nice product,Fabulous!,Salem District,Certified Buyer
295,Samsung Galaxy M30s Blue 128 Gb Reviews: Latest Review of Samsung Galaxy M30s Blue 128 Gb | Price in India | Flipkart.com,5,Abhishek  Dubey,7months ago,good,Wonderful,Mumbai,Certified Buyer
296,Samsung Galaxy M30s Blue 128 Gb Reviews: Latest Review of Samsung Galaxy M30s Blue 128 Gb | Price in India | Flipkart.com,5,Herry Jagani,7months ago,good,Worth every penny,Kachchh District,Certified Buyer
297,Samsung Galaxy M30s Blue 128 Gb Reviews: Latest Review of Samsung Galaxy M30s Blue 128 Gb | Price in India | Flipkart.com,4,mehul joshi,9months ago,Good Product,Nice product,Ahmedabad,Certified Buyer
